{
  "lang":"en",
  "name":"pipeline",
  "version":"0.0.0",
  "spacy_version":">=3.4.4,<3.5.0",
  "description":"",
  "author":"",
  "email":"",
  "url":"",
  "license":"",
  "spacy_git_version":"Unknown",
  "vectors":{
    "width":0,
    "vectors":0,
    "keys":0,
    "name":null,
    "mode":"default"
  },
  "labels":{
    "tok2vec":[

    ],
    "ner":[
      "ADDRESS",
      "APPOINTMENT",
      "AUTHORITY",
      "BATHROOM ISSUE",
      "ORG",
      "PERSON",
      "PLACE",
      "TIME"
    ]
  },
  "pipeline":[
    "tok2vec",
    "ner"
  ],
  "components":[
    "tok2vec",
    "ner"
  ],
  "disabled":[

  ],
  "performance":{
    "ents_f":0.7757009346,
    "ents_p":0.7094017094,
    "ents_r":0.8556701031,
    "ents_per_type":{
      "PERSON":{
        "p":0.7023809524,
        "r":0.9752066116,
        "f":0.8166089965
      },
      "BATHROOM ISSUE":{
        "p":0.8611111111,
        "r":1.0,
        "f":0.9253731343
      },
      "APPOINTMENT":{
        "p":0.6666666667,
        "r":1.0,
        "f":0.8
      },
      "TIME":{
        "p":0.568627451,
        "r":0.8055555556,
        "f":0.6666666667
      },
      "ADDRESS":{
        "p":0.0,
        "r":0.0,
        "f":0.0
      },
      "AUTHORITY":{
        "p":0.8666666667,
        "r":0.619047619,
        "f":0.7222222222
      },
      "ORG":{
        "p":0.9333333333,
        "r":1.0,
        "f":0.9655172414
      },
      "PLACE":{
        "p":0.6666666667,
        "r":1.0,
        "f":0.8
      }
    },
    "tok2vec_loss":69.8682193905,
    "ner_loss":1400.2090667674
  }
}